name,email,phone_number,password,point
Neil Leon,tempor.lorem.eget@protonmail.net,1-711-792-6277,147852aa^,1000000
Sawyer Harper,enim.gravida@protonmail.edu,1-636-555-5117,147852aa^,1000000
Katelyn Miranda,suspendisse@outlook.com,(274) 553-3373,147852aa^,1000000
Ivana Webb,est@icloud.edu,1-981-755-8764,147852aa^,1000000
Kiara Watson,ante@hotmail.ca,1-367-552-0336,147852aa^,1000000
Daquan Sims,ultrices@aol.ca,(525) 297-0373,147852aa^,1000000
Emmanuel Ball,molestie.sodales@hotmail.net,1-825-755-7873,147852aa^,1000000
Gail Harper,a@protonmail.com,1-935-144-3657,147852aa^,1000000
Hayfa Holden,mollis.integer@protonmail.org,1-721-476-2712,147852aa^,1000000
Cynthia Vazquez,amet.risus@outlook.com,1-386-526-1637,147852aa^,1000000
Odysseus Slater,nullam.lobortis.quam@yahoo.ca,1-969-899-3288,147852aa^,1000000
Jin Holder,sit@hotmail.couk,(822) 481-6228,147852aa^,1000000
Quinlan Hurst,cum.sociis@outlook.net,1-154-366-4504,147852aa^,1000000
Armando Blackwell,arcu.nunc.mauris@yahoo.edu,(256) 324-4047,147852aa^,1000000
Lani Trevino,eros.turpis@outlook.couk,(330) 337-1932,147852aa^,1000000
Zena Phelps,sit.amet@google.net,1-427-365-7671,147852aa^,1000000
Leroy Austin,cum@icloud.edu,(827) 876-6135,147852aa^,1000000
Petra Short,et@outlook.ca,1-742-346-5416,147852aa^,1000000
Ebony Donaldson,varius.orci@protonmail.net,1-865-429-9483,147852aa^,1000000
Simone Odom,et.netus@google.couk,(623) 757-7685,147852aa^,1000000
Rahim Lang,sem.ut.dolor@icloud.com,(768) 744-3400,147852aa^,1000000
Jerome Melendez,malesuada.fames@yahoo.ca,1-311-321-6843,147852aa^,1000000
Xander Wyatt,non.arcu@yahoo.couk,(286) 862-1248,147852aa^,1000000
Lee Berger,ipsum@hotmail.org,1-862-234-6542,147852aa^,1000000
Dieter Gibbs,blandit@hotmail.org,1-221-387-3425,147852aa^,1000000
Kyla Bradley,proin.nisl.sem@aol.ca,(920) 315-5505,147852aa^,1000000
Kiona Soto,consectetuer.euismod@hotmail.org,1-925-118-4915,147852aa^,1000000
Sawyer Mccullough,adipiscing.mauris.molestie@icloud.com,1-318-782-5772,147852aa^,1000000
Denton Roman,ultricies.ornare.elit@icloud.edu,1-585-281-5408,147852aa^,1000000
Ava Benton,mi.enim@protonmail.ca,1-427-132-7928,147852aa^,1000000
Germaine Crawford,suspendisse@icloud.ca,(661) 419-2734,147852aa^,1000000
Medge Day,et@icloud.com,(514) 682-8897,147852aa^,1000000
Cathleen George,et.pede.nunc@google.net,1-201-713-7579,147852aa^,1000000
Giselle Martin,at@outlook.edu,1-756-524-0667,147852aa^,1000000